21601	14.816	320045.28	21601	awa_bench	UPDATE awa.queue_enqueue_heads
                SET next_seq = next_seq + $3
                WHERE queue = $1 AND priority = $2
                RETURNING next_seq - $3
97065	1.278	124080.56	827531	awa_bench	SELECT
                ready_slot,
                ready_generation,
                lane_seq,
                lease_slot,
                lease_generation,
                claim_slot,
                job_id,
                kind,
                queue,
                args,
                lane_priority,
                priority,
                attempt,
                run_lease,
                max_attempts,
                run_at,
                heartbeat_at,
                deadline_at,
                attempted_at,
                created_at,
                unique_key,
                unique_states,
                COALESCE(payload, $5::jsonb) AS payload
            FROM awa.claim_ready_runtime($1, $2, $3, $4)
21603	5.620	121405.03	22	awa_bench	INSERT INTO awa.queue_enqueue_heads (queue, priority)
            VALUES ($1, $2)
            ON CONFLICT (queue, priority) DO NOTHING
21604	2.884	62312.08	22	awa_bench	INSERT INTO awa.queue_lanes (queue, priority)
            VALUES ($1, $2)
            ON CONFLICT (queue, priority) DO NOTHING
2694	22.411	60374.36	2694	awa_bench	WITH lane_counts AS (
                SELECT
                    COALESCE(sum(available_count), $2)::bigint AS available
                FROM awa.queue_lanes
                WHERE queue = ANY($1)
            ),
            pruned_terminal AS (
                SELECT COALESCE(
                    sum(
                        GREATEST(
                            COALESCE(lanes.pruned_completed_count, $3),
                            COALESCE(rollups.pruned_completed_count, $4)
                        )
                    ),
                    $5
                )::bigint AS completed
                FROM (
                    SELECT queue, priority, pruned_completed_count
                    FROM awa.queue_lanes
                    WHERE queue = ANY($1)
                ) AS lanes
                FULL OUTER JOIN (
                    SELECT queue, priority, pruned_completed_count
                    FROM awa.queue_terminal_rollups
                    WHERE queue = ANY($1)
                ) AS rollups
                USING (queue, priority)
            ),
            live_running AS (
                SELECT (
                    COALESCE((
                        SELECT count(*)::bigint
                        FROM awa.leases
                        WHERE queue = ANY($1)
                          AND state = $6
                    ), $7)
                    +
                    -- Derive the receipt-backed running count from
                    -- lease_claims anti-joined with
                    -- lease_claim_closures.
                    COALESCE((
                        SELECT count(*)::bigint
                        FROM awa.lease_claims AS claims
                        WHERE claims.queue = ANY($1)
                          AND NOT EXISTS (
                              SELECT $8 FROM awa.lease_claim_closures AS closures
                              WHERE closures.claim_slot = claims.claim_slot
                                AND closures.job_id = claims.job_id
                                AND closures.run_lease = claims.run_lease
                          )
                    ), $9)
                )::bigint AS running
            ),
            live_terminal AS (
                SELECT count(*)::bigint AS completed
                FROM awa.done_entries
                WHERE queue = ANY($1)
            )
            SELECT
                lane_counts.available,
                live_running.running,
                pruned_terminal.completed + live_terminal.completed AS completed
            FROM lane_counts
            CROSS JOIN pruned_terminal
            CROSS JOIN live_running
            CROSS JOIN live_terminal
21602	2.754	59486.00	21	awa_bench	INSERT INTO awa.queue_claim_heads (queue, priority)
            VALUES ($1, $2)
            ON CONFLICT (queue, priority) DO NOTHING
21581	2.230	48124.32	21581	awa_bench	WITH deltas(queue, priority, available_delta, pruned_completed_delta) AS (
                SELECT *
                FROM unnest(
                    $1::text[],
                    $2::smallint[],
                    $3::bigint[],
                    $4::bigint[]
                )
            )
            UPDATE awa.queue_lanes
            SET available_count = GREATEST(
                    $5,
                    queue_lanes.available_count + deltas.available_delta
                ),
                pruned_completed_count = GREATEST(
                    $6,
                    queue_lanes.pruned_completed_count + deltas.pruned_completed_delta
                )
            FROM deltas
            WHERE queue_lanes.queue = deltas.queue
              AND queue_lanes.priority = deltas.priority
18879	1.711	32303.48	18879	awa_bench	UPDATE awa.queue_lanes AS lanes
                    SET available_count = GREATEST($35, lanes.available_count - v_claimed_count)
                    WHERE lanes.queue = p_queue
                      AND lanes.priority = v_lane_priority
74622	0.287	21413.00	827501	awa_bench	WITH completed(claim_slot, job_id, run_lease) AS (
                        SELECT * FROM unnest($1::int[], $2::bigint[], $3::bigint[])
                    ),
                    locked_claims AS (
                        SELECT claims.claim_slot, claims.job_id, claims.run_lease
                        FROM awa.lease_claims AS claims
                        JOIN completed
                          ON completed.claim_slot = claims.claim_slot
                         AND completed.job_id = claims.job_id
                         AND completed.run_lease = claims.run_lease
                        FOR UPDATE OF claims
                    ),
                    inserted AS (
                        INSERT INTO awa.lease_claim_closures (claim_slot, job_id, run_lease, outcome, closed_at)
                        SELECT locked_claims.claim_slot, locked_claims.job_id, locked_claims.run_lease, $4, clock_timestamp()
                        FROM locked_claims
                        ON CONFLICT (claim_slot, job_id, run_lease) DO NOTHING
                        RETURNING job_id, run_lease
                    ),
                    deleted_attempts AS (
                        DELETE FROM awa.attempt_state AS attempt
                        USING inserted
                        WHERE attempt.job_id = inserted.job_id
                          AND attempt.run_lease = inserted.run_lease
                        RETURNING attempt.job_id
                    )
                    SELECT job_id, run_lease
                    FROM inserted
97066	0.166	16107.88	18880	awa_bench	SELECT
                    claims.priority,
                    claims.claim_seq,
                    enqueues.next_seq
                                                                                        FROM awa.queue_claim_heads AS claims
                JOIN awa.queue_enqueue_heads AS enqueues
                  ON enqueues.queue = claims.queue
                 AND enqueues.priority = claims.priority
                JOIN LATERAL (
                    SELECT
                        ready.ready_slot,
                        ready.ready_generation,
                        ready.run_at,
                        CASE
                            WHEN p_aging_secs > $5 THEN GREATEST(
                                $6,
                                claims.priority - FLOOR(
                                    EXTRACT($7 FROM (clock_timestamp() - ready.run_at)) / p_aging_secs
                                )::smallint
                            )::smallint
                            ELSE claims.priority
                        END AS effective_priority
                    FROM awa.ready_entries AS ready
                    WHERE ready.queue = p_queue
                      AND ready.priority = claims.priority
                      AND ready.lane_seq >= claims.claim_seq
                    ORDER BY ready.lane_seq ASC
                    LIMIT $8
                ) AS candidate ON $9
                WHERE claims.queue = p_queue
                  AND NOT EXISTS (
                      SELECT $10
                      FROM awa.queue_meta AS meta
                      WHERE meta.queue = p_queue
                        AND meta.paused = $11
                  )
                  AND claims.claim_seq < enqueues.next_seq
                ORDER BY candidate.effective_priority ASC, candidate.run_at ASC, claims.priority ASC
                LIMIT $12
                FOR UPDATE OF claims SKIP LOCKED
21581	0.610	13154.94	827600	awa_bench	COPY awa.ready_entries (ready_slot, ready_generation, job_id, kind, queue, args, priority, attempt, run_lease, max_attempts, lane_seq, run_at, attempted_at, created_at, unique_key, unique_states, payload) FROM STDIN WITH (FORMAT csv, NULL '__AWA_NULL__')
18880	0.565	10660.91	827533	awa_bench	WITH lease_ring AS (
                    SELECT current_slot AS lease_slot, generation AS lease_generation
                    FROM awa.lease_ring_state
                    WHERE singleton = $37
                ),
                selected AS (
                    SELECT
                        ready.ready_slot,
                        ready.ready_generation,
                        ready.job_id,
                        ready.kind,
                        ready.queue,
                        ready.args,
                        ready.priority AS lane_priority,
                        CASE
                            WHEN p_aging_secs > $38 THEN GREATEST(
                                $39,
                                ready.priority - FLOOR(
                                    EXTRACT($40 FROM (clock_timestamp() - ready.run_at)) / p_aging_secs
                                )::smallint
                            )::smallint
                            ELSE ready.priority
                        END AS effective_priority,
                        ready.attempt,
                        ready.run_lease,
                        ready.max_attempts,
                        ready.lane_seq,
                        ready.run_at,
                        ready.created_at,
                        ready.unique_key,
                        ready.unique_states,
                        COALESCE(ready.payload, $41::jsonb) AS payload
                    FROM awa.ready_entries AS ready
                    WHERE ready.queue = p_queue
                      AND ready.priority = v_lane_priority
                      AND ready.ready_slot = v_target_slot
                      AND ready.ready_generation = v_target_generation
                      AND ready.lane_seq >= v_lane_claim_seq
                    ORDER BY ready.lane_seq ASC
                    LIMIT v_claim_limit
                ),
                advanced AS (
                    UPDATE awa.queue_claim_heads AS claims
                    SET claim_seq = COALESCE(
                            (SELECT max(selected.lane_seq) + $42 FROM selected),
                            claims.claim_seq
                        )
                    WHERE claims.queue = p_queue
                      AND claims.priority = v_lane_priority
                    RETURNING claims.priority
                ),
                
                    claim_ring AS (
                        SELECT current_slot AS claim_slot
                        FROM awa.claim_ring_state
                        WHERE singleton = $43
                    ),
                    claimed AS (
                        INSERT INTO awa.lease_claims AS claim_rows (
                            claim_slot,
                            job_id,
                            run_lease,
                            ready_slot,
                            ready_generation,
                            queue,
                            priority,
                            attempt,
                            max_attempts,
                            lane_seq,
                            deadline_at
                        )
                        SELECT
                            claim_ring.claim_slot,
                            selected.job_id,
                            selected.run_lease + $44,
                            selected.ready_slot,
                            selected.ready_generation,
                            selected.queue,
                            selected.effective_priority,
                            selected.attempt + $45,
                            selected.max_attempts,
                            selected.lane_seq,
                            CASE
                                WHEN p_deadline_secs > $46
                                    THEN clock_timestamp() + make_interval(secs => p_deadline_secs)
                                ELSE $47::timestamptz
                            END
                        FROM selected
                        CROSS JOIN claim_ring
                        RETURNING
                            claim_rows.claim_slot,
                            claim_rows.ready_slot,
                            claim_rows.ready_generation,
                            claim_rows.job_id,
                            claim_rows.queue,
                            claim_rows.priority,
                            claim_rows.lane_seq,
                            claim_rows.attempt,
                            claim_rows.run_lease,
                            claim_rows.max_attempts
                    )
                    -- The partitioned lease_claims row above is the
                    -- authoritative record of "currently open"; every
                    -- other receipt-plane query reads it anti-joined
                    -- with lease_claim_closures. `deadline_at` is the
                    -- per-claim deadline when the queue has a non-zero
                    -- `deadline_duration`; the deadline-rescue path
                    -- scans expired rows (anti-joined with closures
                    -- and leases — same disambiguation as the
                    -- heartbeat-rescue path) and force-closes them.
                    
                SELECT
                    claimed.ready_slot,
                    claimed.ready_generation,
                    claimed.lane_seq,
                    lease_ring.lease_slot,
                    lease_ring.lease_generation,
                    claimed.claim_slot,
                    selected.job_id,
                    selected.kind,
                    selected.queue,
                    selected.args,
                    selected.lane_priority,
                    selected.effective_priority,
                    claimed.attempt,
                    claimed.run_lease,
                    claimed.max_attempts,
                    selected.run_at,
                    CASE
                        WHEN p_deadline_secs > $48 THEN clock_timestamp()
                        ELSE $49::timestamptz
                    END AS heartbeat_at,
                    CASE
                        WHEN p_deadline_secs > $50 THEN clock_timestamp() + make_interval(secs => p_deadline_secs)
                        ELSE $51::timestamptz
                    END AS deadline_at,
                    CASE
                        WHEN p_deadline_secs > $52 THEN clock_timestamp()
                        ELSE $53::timestamptz
                    END AS attempted_at,
                    selected.created_at,
                    selected.unique_key,
                    selected.unique_states,
                    selected.payload
                FROM claimed
                CROSS JOIN lease_ring
                JOIN selected
                 ON selected.ready_slot = claimed.ready_slot
                 AND selected.ready_generation = claimed.ready_generation
                 AND selected.queue = claimed.queue
                 AND selected.effective_priority = claimed.priority
                 AND selected.lane_seq = claimed.lane_seq
                ORDER BY selected.lane_seq ASC
1078	8.318	8966.96	312	awa_bench	INSERT INTO awa.queue_claimer_state (queue, target_claimers, updated_at)
            VALUES ($1, $2, $3)
            ON CONFLICT (queue) DO UPDATE
            SET target_claimers = EXCLUDED.target_claimers,
                updated_at = EXCLUDED.updated_at
            WHERE awa.queue_claimer_state.updated_at <= $4
            RETURNING target_claimers
14294	0.335	4789.34	457408	awa_bench	INSERT INTO awa.done_entries (ready_slot, ready_generation, job_id, kind, queue, args, state, priority, attempt, run_lease, max_attempts, lane_seq, run_at, attempted_at, finalized_at, created_at, unique_key, unique_states, payload) VALUES ($1, $2, $3, $4, $5, $6, $7, $8, $9, $10, $11, $12, $13, $14, $15, $16, $17, $18, $19), ($20, $21, $22, $23, $24, $25, $26, $27, $28, $29, $30, $31, $32, $33, $34, $35, $36, $37, $38), ($39, $40, $41, $42, $43, $44, $45, $46, $47, $48, $49, $50, $51, $52, $53, $54, $55, $56, $57), ($58, $59, $60, $61, $62, $63, $64, $65, $66, $67, $68, $69, $70, $71, $72, $73, $74, $75, $76), ($77, $78, $79, $80, $81, $82, $83, $84, $85, $86, $87, $88, $89, $90, $91, $92, $93, $94, $95), ($96, $97, $98, $99, $100, $101, $102, $103, $104, $105, $106, $107, $108, $109, $110, $111, $112, $113, $114), ($115, $116, $117, $118, $119, $120, $121, $122, $123, $124, $125, $126, $127, $128, $129, $130, $131, $132, $133), ($134, $135, $136, $137, $138, $139, $140, $141, $142, $143, $144, $145, $146, $147, $148, $149, $150, $151, $152), ($153, $154, $155, $156, $157, $158, $159, $160, $161, $162, $163, $164, $165, $166, $167, $168, $169, $170, $171), ($172, $173, $174, $175, $176, $177, $178, $179, $180, $181, $182, $183, $184, $185, $186, $187, $188, $189, $190), ($191, $192, $193, $194, $195, $196, $197, $198, $199, $200, $201, $202, $203, $204, $205, $206, $207, $208, $209), ($210, $211, $212, $213, $214, $215, $216, $217, $218, $219, $220, $221, $222, $223, $224, $225, $226, $227, $228), ($229, $230, $231, $232, $233, $234, $235, $236, $237, $238, $239, $240, $241, $242, $243, $244, $245, $246, $247), ($248, $249, $250, $251, $252, $253, $254, $255, $256, $257, $258, $259, $260, $261, $262, $263, $264, $265, $266), ($267, $268, $269, $270, $271, $272, $273, $274, $275, $276, $277, $278, $279, $280, $281, $282, $283, $284, $285), ($286, $287, $288, $289, $290, $291, $292, $293, $294, $295, $296, $297, $298, $299, $300, $301, $302, $303, $304), ($305, $306, $307, $308, $309, $310, $311, $312, $313, $314, $315, $316, $317, $318, $319, $320, $321, $322, $323), ($324, $325, $326, $327, $328, $329, $330, $331, $332, $333, $334, $335, $336, $337, $338, $339, $340, $341, $342), ($343, $344, $345, $346, $347, $348, $349, $350, $351, $352, $353, $354, $355, $356, $357, $358, $359, $360, $361), ($362, $363, $364, $365, $366, $367, $368, $369, $370, $371, $372, $373, $374, $375, $376, $377, $378, $379, $380), ($381, $382, $383, $384, $385, $386, $387, $388, $389, $390, $391, $392, $393, $394, $395, $396, $397, $398, $399), ($400, $401, $402, $403, $404, $405, $406, $407, $408, $409, $410, $411, $412, $413, $414, $415, $416, $417, $418), ($419, $420, $421, $422, $423, $424, $425, $426, $427, $428, $429, $430, $431, $432, $433, $434, $435, $436, $437), ($438, $439, $440, $441, $442, $443, $444, $445, $446, $447, $448, $449, $450, $451, $452, $453, $454, $455, $456), ($457, $458, $459, $460, $461, $462, $463, $464, $465, $466, $467, $468, $469, $470, $471, $472, $473, $474, $475), ($476, $477, $478, $479, $480, $481, $482, $483, $484, $485, $486, $487, $488, $489, $490, $491, $492, $493, $494), ($495, $496, $497, $498, $499, $500, $501, $502, $503, $504, $505, $506, $507, $508, $509, $510, $511, $512, $513), ($514, $515, $516, $517, $518, $519, $520, $521, $522, $523, $524, $525, $526, $527, $528, $529, $530, $531, $532), ($533, $534, $535, $536, $537, $538, $539, $540, $541, $542, $543, $544, $545, $546, $547, $548, $549, $550, $551), ($552, $553, $554, $555, $556, $557, $558, $559, $560, $561, $562, $563, $564, $565, $566, $567, $568, $569, $570), ($571, $572, $573, $574, $575, $576, $577, $578, $579, $580, $581, $582, $583, $584, $585, $586, $587, $588, $589), ($590, $591, $592, $593, $594, $595, $596, $597, $598, $599, $600, $601, $602, $603, $604, $605, $606, $607, $608)
69982	0.037	2581.36	4	awa_bench	INSERT INTO awa.queue_claimer_leases (
                    queue,
                    claimer_slot,
                    owner_instance_id,
                    lease_epoch,
                    leased_at,
                    last_claimed_at,
                    expires_at
                )
                VALUES ($1, $2, $3, $6, $4, $4, $5)
                ON CONFLICT (queue, claimer_slot) DO NOTHING
                RETURNING claimer_slot, lease_epoch, last_claimed_at, expires_at
118068	0.016	1878.06	96861	awa_bench	SELECT claimer_slot, lease_epoch, last_claimed_at, expires_at
            FROM awa.queue_claimer_leases
            WHERE queue = $1
              AND owner_instance_id = $2
              AND expires_at > $3
            ORDER BY claimer_slot
            LIMIT $4
118068	0.015	1758.02	116990	awa_bench	SELECT target_claimers
            FROM awa.queue_claimer_state
            WHERE queue = $1
              AND updated_at > $2
10423	0.128	1333.64	83384	awa_bench	INSERT INTO awa.done_entries (ready_slot, ready_generation, job_id, kind, queue, args, state, priority, attempt, run_lease, max_attempts, lane_seq, run_at, attempted_at, finalized_at, created_at, unique_key, unique_states, payload) VALUES ($1, $2, $3, $4, $5, $6, $7, $8, $9, $10, $11, $12, $13, $14, $15, $16, $17, $18, $19), ($20, $21, $22, $23, $24, $25, $26, $27, $28, $29, $30, $31, $32, $33, $34, $35, $36, $37, $38), ($39, $40, $41, $42, $43, $44, $45, $46, $47, $48, $49, $50, $51, $52, $53, $54, $55, $56, $57), ($58, $59, $60, $61, $62, $63, $64, $65, $66, $67, $68, $69, $70, $71, $72, $73, $74, $75, $76), ($77, $78, $79, $80, $81, $82, $83, $84, $85, $86, $87, $88, $89, $90, $91, $92, $93, $94, $95), ($96, $97, $98, $99, $100, $101, $102, $103, $104, $105, $106, $107, $108, $109, $110, $111, $112, $113, $114), ($115, $116, $117, $118, $119, $120, $121, $122, $123, $124, $125, $126, $127, $128, $129, $130, $131, $132, $133), ($134, $135, $136, $137, $138, $139, $140, $141, $142, $143, $144, $145, $146, $147, $148, $149, $150, $151, $152)
18880	0.067	1268.18	18880	awa_bench	SELECT ready.ready_slot, ready.ready_generation
                                                                        FROM awa.ready_entries AS ready
                WHERE ready.queue = p_queue
                  AND ready.priority = v_lane_priority
                  AND ready.lane_seq >= v_lane_claim_seq
                ORDER BY ready.lane_seq ASC
                LIMIT $32
18586	0.049	916.60	37172	awa_bench	INSERT INTO awa.done_entries (ready_slot, ready_generation, job_id, kind, queue, args, state, priority, attempt, run_lease, max_attempts, lane_seq, run_at, attempted_at, finalized_at, created_at, unique_key, unique_states, payload) VALUES ($1, $2, $3, $4, $5, $6, $7, $8, $9, $10, $11, $12, $13, $14, $15, $16, $17, $18, $19), ($20, $21, $22, $23, $24, $25, $26, $27, $28, $29, $30, $31, $32, $33, $34, $35, $36, $37, $38)
10982	0.079	867.78	54910	awa_bench	INSERT INTO awa.done_entries (ready_slot, ready_generation, job_id, kind, queue, args, state, priority, attempt, run_lease, max_attempts, lane_seq, run_at, attempted_at, finalized_at, created_at, unique_key, unique_states, payload) VALUES ($1, $2, $3, $4, $5, $6, $7, $8, $9, $10, $11, $12, $13, $14, $15, $16, $17, $18, $19), ($20, $21, $22, $23, $24, $25, $26, $27, $28, $29, $30, $31, $32, $33, $34, $35, $36, $37, $38), ($39, $40, $41, $42, $43, $44, $45, $46, $47, $48, $49, $50, $51, $52, $53, $54, $55, $56, $57), ($58, $59, $60, $61, $62, $63, $64, $65, $66, $67, $68, $69, $70, $71, $72, $73, $74, $75, $76), ($77, $78, $79, $80, $81, $82, $83, $84, $85, $86, $87, $88, $89, $90, $91, $92, $93, $94, $95)
4950	0.172	848.94	4950	awa_bench	SELECT
  n_dead_tup,
  n_live_tup,
  COALESCE(autovacuum_count, $3) AS autovacuum_count,
  EXTRACT($4 FROM (now() - last_autovacuum))::double precision AS last_autovacuum_age_s,
  pg_total_relation_size(schemaname || $5 || relname)::double precision / ($6 * $7) AS total_size_mb,
  pg_relation_size(schemaname || $8 || relname)::double precision / ($9 * $10) AS table_size_mb
FROM pg_stat_user_tables
WHERE schemaname = $1 AND relname = $2
7608	0.100	759.18	53256	awa_bench	INSERT INTO awa.done_entries (ready_slot, ready_generation, job_id, kind, queue, args, state, priority, attempt, run_lease, max_attempts, lane_seq, run_at, attempted_at, finalized_at, created_at, unique_key, unique_states, payload) VALUES ($1, $2, $3, $4, $5, $6, $7, $8, $9, $10, $11, $12, $13, $14, $15, $16, $17, $18, $19), ($20, $21, $22, $23, $24, $25, $26, $27, $28, $29, $30, $31, $32, $33, $34, $35, $36, $37, $38), ($39, $40, $41, $42, $43, $44, $45, $46, $47, $48, $49, $50, $51, $52, $53, $54, $55, $56, $57), ($58, $59, $60, $61, $62, $63, $64, $65, $66, $67, $68, $69, $70, $71, $72, $73, $74, $75, $76), ($77, $78, $79, $80, $81, $82, $83, $84, $85, $86, $87, $88, $89, $90, $91, $92, $93, $94, $95), ($96, $97, $98, $99, $100, $101, $102, $103, $104, $105, $106, $107, $108, $109, $110, $111, $112, $113, $114), ($115, $116, $117, $118, $119, $120, $121, $122, $123, $124, $125, $126, $127, $128, $129, $130, $131, $132, $133)
70421	0.009	627.47	439	awa_bench	UPDATE awa.queue_claimer_leases
                SET owner_instance_id = $3,
                    lease_epoch = CASE
                        WHEN owner_instance_id = $3 THEN lease_epoch
                        ELSE lease_epoch + $7
                    END,
                    leased_at = $4,
                    last_claimed_at = $4,
                    expires_at = $5
                WHERE queue = $1
                  AND claimer_slot = $2
                  AND (
                        owner_instance_id = $3
                     OR expires_at <= $4
                     OR last_claimed_at <= $6
                  )
                RETURNING claimer_slot, lease_epoch, last_claimed_at, expires_at
21611	0.028	600.03	828072	awa_bench	SELECT nextval($2)::bigint FROM generate_series($3, $1::int)
21601	0.015	313.71	21601	awa_bench	SELECT current_slot, generation
            FROM awa.queue_ring_state
            WHERE singleton = $1
683	0.376	256.53	21173	awa_bench	INSERT INTO awa.done_entries (ready_slot, ready_generation, job_id, kind, queue, args, state, priority, attempt, run_lease, max_attempts, lane_seq, run_at, attempted_at, finalized_at, created_at, unique_key, unique_states, payload) VALUES ($1, $2, $3, $4, $5, $6, $7, $8, $9, $10, $11, $12, $13, $14, $15, $16, $17, $18, $19), ($20, $21, $22, $23, $24, $25, $26, $27, $28, $29, $30, $31, $32, $33, $34, $35, $36, $37, $38), ($39, $40, $41, $42, $43, $44, $45, $46, $47, $48, $49, $50, $51, $52, $53, $54, $55, $56, $57), ($58, $59, $60, $61, $62, $63, $64, $65, $66, $67, $68, $69, $70, $71, $72, $73, $74, $75, $76), ($77, $78, $79, $80, $81, $82, $83, $84, $85, $86, $87, $88, $89, $90, $91, $92, $93, $94, $95), ($96, $97, $98, $99, $100, $101, $102, $103, $104, $105, $106, $107, $108, $109, $110, $111, $112, $113, $114), ($115, $116, $117, $118, $119, $120, $121, $122, $123, $124, $125, $126, $127, $128, $129, $130, $131, $132, $133), ($134, $135, $136, $137, $138, $139, $140, $141, $142, $143, $144, $145, $146, $147, $148, $149, $150, $151, $152), ($153, $154, $155, $156, $157, $158, $159, $160, $161, $162, $163, $164, $165, $166, $167, $168, $169, $170, $171), ($172, $173, $174, $175, $176, $177, $178, $179, $180, $181, $182, $183, $184, $185, $186, $187, $188, $189, $190), ($191, $192, $193, $194, $195, $196, $197, $198, $199, $200, $201, $202, $203, $204, $205, $206, $207, $208, $209), ($210, $211, $212, $213, $214, $215, $216, $217, $218, $219, $220, $221, $222, $223, $224, $225, $226, $227, $228), ($229, $230, $231, $232, $233, $234, $235, $236, $237, $238, $239, $240, $241, $242, $243, $244, $245, $246, $247), ($248, $249, $250, $251, $252, $253, $254, $255, $256, $257, $258, $259, $260, $261, $262, $263, $264, $265, $266), ($267, $268, $269, $270, $271, $272, $273, $274, $275, $276, $277, $278, $279, $280, $281, $282, $283, $284, $285), ($286, $287, $288, $289, $290, $291, $292, $293, $294, $295, $296, $297, $298, $299, $300, $301, $302, $303, $304), ($305, $306, $307, $308, $309, $310, $311, $312, $313, $314, $315, $316, $317, $318, $319, $320, $321, $322, $323), ($324, $325, $326, $327, $328, $329, $330, $331, $332, $333, $334, $335, $336, $337, $338, $339, $340, $341, $342), ($343, $344, $345, $346, $347, $348, $349, $350, $351, $352, $353, $354, $355, $356, $357, $358, $359, $360, $361), ($362, $363, $364, $365, $366, $367, $368, $369, $370, $371, $372, $373, $374, $375, $376, $377, $378, $379, $380), ($381, $382, $383, $384, $385, $386, $387, $388, $389, $390, $391, $392, $393, $394, $395, $396, $397, $398, $399), ($400, $401, $402, $403, $404, $405, $406, $407, $408, $409, $410, $411, $412, $413, $414, $415, $416, $417, $418), ($419, $420, $421, $422, $423, $424, $425, $426, $427, $428, $429, $430, $431, $432, $433, $434, $435, $436, $437), ($438, $439, $440, $441, $442, $443, $444, $445, $446, $447, $448, $449, $450, $451, $452, $453, $454, $455, $456), ($457, $458, $459, $460, $461, $462, $463, $464, $465, $466, $467, $468, $469, $470, $471, $472, $473, $474, $475), ($476, $477, $478, $479, $480, $481, $482, $483, $484, $485, $486, $487, $488, $489, $490, $491, $492, $493, $494), ($495, $496, $497, $498, $499, $500, $501, $502, $503, $504, $505, $506, $507, $508, $509, $510, $511, $512, $513), ($514, $515, $516, $517, $518, $519, $520, $521, $522, $523, $524, $525, $526, $527, $528, $529, $530, $531, $532), ($533, $534, $535, $536, $537, $538, $539, $540, $541, $542, $543, $544, $545, $546, $547, $548, $549, $550, $551), ($552, $553, $554, $555, $556, $557, $558, $559, $560, $561, $562, $563, $564, $565, $566, $567, $568, $569, $570), ($571, $572, $573, $574, $575, $576, $577, $578, $579, $580, $581, $582, $583, $584, $585, $586, $587, $588, $589)
1398	0.125	174.79	12582	awa_bench	INSERT INTO awa.done_entries (ready_slot, ready_generation, job_id, kind, queue, args, state, priority, attempt, run_lease, max_attempts, lane_seq, run_at, attempted_at, finalized_at, created_at, unique_key, unique_states, payload) VALUES ($1, $2, $3, $4, $5, $6, $7, $8, $9, $10, $11, $12, $13, $14, $15, $16, $17, $18, $19), ($20, $21, $22, $23, $24, $25, $26, $27, $28, $29, $30, $31, $32, $33, $34, $35, $36, $37, $38), ($39, $40, $41, $42, $43, $44, $45, $46, $47, $48, $49, $50, $51, $52, $53, $54, $55, $56, $57), ($58, $59, $60, $61, $62, $63, $64, $65, $66, $67, $68, $69, $70, $71, $72, $73, $74, $75, $76), ($77, $78, $79, $80, $81, $82, $83, $84, $85, $86, $87, $88, $89, $90, $91, $92, $93, $94, $95), ($96, $97, $98, $99, $100, $101, $102, $103, $104, $105, $106, $107, $108, $109, $110, $111, $112, $113, $114), ($115, $116, $117, $118, $119, $120, $121, $122, $123, $124, $125, $126, $127, $128, $129, $130, $131, $132, $133), ($134, $135, $136, $137, $138, $139, $140, $141, $142, $143, $144, $145, $146, $147, $148, $149, $150, $151, $152), ($153, $154, $155, $156, $157, $158, $159, $160, $161, $162, $163, $164, $165, $166, $167, $168, $169, $170, $171)
505	0.318	160.74	13130	awa_bench	INSERT INTO awa.done_entries (ready_slot, ready_generation, job_id, kind, queue, args, state, priority, attempt, run_lease, max_attempts, lane_seq, run_at, attempted_at, finalized_at, created_at, unique_key, unique_states, payload) VALUES ($1, $2, $3, $4, $5, $6, $7, $8, $9, $10, $11, $12, $13, $14, $15, $16, $17, $18, $19), ($20, $21, $22, $23, $24, $25, $26, $27, $28, $29, $30, $31, $32, $33, $34, $35, $36, $37, $38), ($39, $40, $41, $42, $43, $44, $45, $46, $47, $48, $49, $50, $51, $52, $53, $54, $55, $56, $57), ($58, $59, $60, $61, $62, $63, $64, $65, $66, $67, $68, $69, $70, $71, $72, $73, $74, $75, $76), ($77, $78, $79, $80, $81, $82, $83, $84, $85, $86, $87, $88, $89, $90, $91, $92, $93, $94, $95), ($96, $97, $98, $99, $100, $101, $102, $103, $104, $105, $106, $107, $108, $109, $110, $111, $112, $113, $114), ($115, $116, $117, $118, $119, $120, $121, $122, $123, $124, $125, $126, $127, $128, $129, $130, $131, $132, $133), ($134, $135, $136, $137, $138, $139, $140, $141, $142, $143, $144, $145, $146, $147, $148, $149, $150, $151, $152), ($153, $154, $155, $156, $157, $158, $159, $160, $161, $162, $163, $164, $165, $166, $167, $168, $169, $170, $171), ($172, $173, $174, $175, $176, $177, $178, $179, $180, $181, $182, $183, $184, $185, $186, $187, $188, $189, $190), ($191, $192, $193, $194, $195, $196, $197, $198, $199, $200, $201, $202, $203, $204, $205, $206, $207, $208, $209), ($210, $211, $212, $213, $214, $215, $216, $217, $218, $219, $220, $221, $222, $223, $224, $225, $226, $227, $228), ($229, $230, $231, $232, $233, $234, $235, $236, $237, $238, $239, $240, $241, $242, $243, $244, $245, $246, $247), ($248, $249, $250, $251, $252, $253, $254, $255, $256, $257, $258, $259, $260, $261, $262, $263, $264, $265, $266), ($267, $268, $269, $270, $271, $272, $273, $274, $275, $276, $277, $278, $279, $280, $281, $282, $283, $284, $285), ($286, $287, $288, $289, $290, $291, $292, $293, $294, $295, $296, $297, $298, $299, $300, $301, $302, $303, $304), ($305, $306, $307, $308, $309, $310, $311, $312, $313, $314, $315, $316, $317, $318, $319, $320, $321, $322, $323), ($324, $325, $326, $327, $328, $329, $330, $331, $332, $333, $334, $335, $336, $337, $338, $339, $340, $341, $342), ($343, $344, $345, $346, $347, $348, $349, $350, $351, $352, $353, $354, $355, $356, $357, $358, $359, $360, $361), ($362, $363, $364, $365, $366, $367, $368, $369, $370, $371, $372, $373, $374, $375, $376, $377, $378, $379, $380), ($381, $382, $383, $384, $385, $386, $387, $388, $389, $390, $391, $392, $393, $394, $395, $396, $397, $398, $399), ($400, $401, $402, $403, $404, $405, $406, $407, $408, $409, $410, $411, $412, $413, $414, $415, $416, $417, $418), ($419, $420, $421, $422, $423, $424, $425, $426, $427, $428, $429, $430, $431, $432, $433, $434, $435, $436, $437), ($438, $439, $440, $441, $442, $443, $444, $445, $446, $447, $448, $449, $450, $451, $452, $453, $454, $455, $456), ($457, $458, $459, $460, $461, $462, $463, $464, $465, $466, $467, $468, $469, $470, $471, $472, $473, $474, $475), ($476, $477, $478, $479, $480, $481, $482, $483, $484, $485, $486, $487, $488, $489, $490, $491, $492, $493, $494)
13	11.383	147.97	0	awa_bench	LOCK TABLE awa.ready_entries_0, awa.done_entries_0 IN ACCESS EXCLUSIVE MODE
3388	0.038	128.70	3388	awa_bench	INSERT INTO awa.done_entries (ready_slot, ready_generation, job_id, kind, queue, args, state, priority, attempt, run_lease, max_attempts, lane_seq, run_at, attempted_at, finalized_at, created_at, unique_key, unique_states, payload) VALUES ($1, $2, $3, $4, $5, $6, $7, $8, $9, $10, $11, $12, $13, $14, $15, $16, $17, $18, $19)
6262	0.018	115.56	6262	awa_bench	SELECT current_slot, generation, slot_count
            FROM awa.lease_ring_state
            WHERE singleton = $1
            FOR UPDATE
13	8.786	114.22	0	awa_bench	LOCK TABLE awa.lease_claims_7, awa.lease_claim_closures_7 IN ACCESS EXCLUSIVE MODE
9	11.684	105.15	0	awa_bench	LOCK TABLE awa.ready_entries_12, awa.done_entries_12 IN ACCESS EXCLUSIVE MODE
21581	0.005	105.00	21581	awa_bench	SELECT pg_notify(channel, $2) FROM unnest($1::text[]) AS channel
14	7.373	103.22	0	awa_bench	LOCK TABLE awa.lease_claims_4, awa.lease_claim_closures_4 IN ACCESS EXCLUSIVE MODE
8	12.761	102.09	0	awa_bench	LOCK TABLE awa.ready_entries_4, awa.done_entries_4 IN ACCESS EXCLUSIVE MODE
15	6.771	101.56	0	awa_bench	LOCK TABLE awa.lease_claims_5, awa.lease_claim_closures_5 IN ACCESS EXCLUSIVE MODE
963	0.103	98.78	5778	awa_bench	INSERT INTO awa.done_entries (ready_slot, ready_generation, job_id, kind, queue, args, state, priority, attempt, run_lease, max_attempts, lane_seq, run_at, attempted_at, finalized_at, created_at, unique_key, unique_states, payload) VALUES ($1, $2, $3, $4, $5, $6, $7, $8, $9, $10, $11, $12, $13, $14, $15, $16, $17, $18, $19), ($20, $21, $22, $23, $24, $25, $26, $27, $28, $29, $30, $31, $32, $33, $34, $35, $36, $37, $38), ($39, $40, $41, $42, $43, $44, $45, $46, $47, $48, $49, $50, $51, $52, $53, $54, $55, $56, $57), ($58, $59, $60, $61, $62, $63, $64, $65, $66, $67, $68, $69, $70, $71, $72, $73, $74, $75, $76), ($77, $78, $79, $80, $81, $82, $83, $84, $85, $86, $87, $88, $89, $90, $91, $92, $93, $94, $95), ($96, $97, $98, $99, $100, $101, $102, $103, $104, $105, $106, $107, $108, $109, $110, $111, $112, $113, $114)
9	10.751	96.76	0	awa_bench	LOCK TABLE awa.ready_entries_1, awa.done_entries_1 IN ACCESS EXCLUSIVE MODE
9	10.162	91.45	0	awa_bench	LOCK TABLE awa.ready_entries_5, awa.done_entries_5 IN ACCESS EXCLUSIVE MODE
275	0.329	90.42	7975	awa_bench	INSERT INTO awa.done_entries (ready_slot, ready_generation, job_id, kind, queue, args, state, priority, attempt, run_lease, max_attempts, lane_seq, run_at, attempted_at, finalized_at, created_at, unique_key, unique_states, payload) VALUES ($1, $2, $3, $4, $5, $6, $7, $8, $9, $10, $11, $12, $13, $14, $15, $16, $17, $18, $19), ($20, $21, $22, $23, $24, $25, $26, $27, $28, $29, $30, $31, $32, $33, $34, $35, $36, $37, $38), ($39, $40, $41, $42, $43, $44, $45, $46, $47, $48, $49, $50, $51, $52, $53, $54, $55, $56, $57), ($58, $59, $60, $61, $62, $63, $64, $65, $66, $67, $68, $69, $70, $71, $72, $73, $74, $75, $76), ($77, $78, $79, $80, $81, $82, $83, $84, $85, $86, $87, $88, $89, $90, $91, $92, $93, $94, $95), ($96, $97, $98, $99, $100, $101, $102, $103, $104, $105, $106, $107, $108, $109, $110, $111, $112, $113, $114), ($115, $116, $117, $118, $119, $120, $121, $122, $123, $124, $125, $126, $127, $128, $129, $130, $131, $132, $133), ($134, $135, $136, $137, $138, $139, $140, $141, $142, $143, $144, $145, $146, $147, $148, $149, $150, $151, $152), ($153, $154, $155, $156, $157, $158, $159, $160, $161, $162, $163, $164, $165, $166, $167, $168, $169, $170, $171), ($172, $173, $174, $175, $176, $177, $178, $179, $180, $181, $182, $183, $184, $185, $186, $187, $188, $189, $190), ($191, $192, $193, $194, $195, $196, $197, $198, $199, $200, $201, $202, $203, $204, $205, $206, $207, $208, $209), ($210, $211, $212, $213, $214, $215, $216, $217, $218, $219, $220, $221, $222, $223, $224, $225, $226, $227, $228), ($229, $230, $231, $232, $233, $234, $235, $236, $237, $238, $239, $240, $241, $242, $243, $244, $245, $246, $247), ($248, $249, $250, $251, $252, $253, $254, $255, $256, $257, $258, $259, $260, $261, $262, $263, $264, $265, $266), ($267, $268, $269, $270, $271, $272, $273, $274, $275, $276, $277, $278, $279, $280, $281, $282, $283, $284, $285), ($286, $287, $288, $289, $290, $291, $292, $293, $294, $295, $296, $297, $298, $299, $300, $301, $302, $303, $304), ($305, $306, $307, $308, $309, $310, $311, $312, $313, $314, $315, $316, $317, $318, $319, $320, $321, $322, $323), ($324, $325, $326, $327, $328, $329, $330, $331, $332, $333, $334, $335, $336, $337, $338, $339, $340, $341, $342), ($343, $344, $345, $346, $347, $348, $349, $350, $351, $352, $353, $354, $355, $356, $357, $358, $359, $360, $361), ($362, $363, $364, $365, $366, $367, $368, $369, $370, $371, $372, $373, $374, $375, $376, $377, $378, $379, $380), ($381, $382, $383, $384, $385, $386, $387, $388, $389, $390, $391, $392, $393, $394, $395, $396, $397, $398, $399), ($400, $401, $402, $403, $404, $405, $406, $407, $408, $409, $410, $411, $412, $413, $414, $415, $416, $417, $418), ($419, $420, $421, $422, $423, $424, $425, $426, $427, $428, $429, $430, $431, $432, $433, $434, $435, $436, $437), ($438, $439, $440, $441, $442, $443, $444, $445, $446, $447, $448, $449, $450, $451, $452, $453, $454, $455, $456), ($457, $458, $459, $460, $461, $462, $463, $464, $465, $466, $467, $468, $469, $470, $471, $472, $473, $474, $475), ($476, $477, $478, $479, $480, $481, $482, $483, $484, $485, $486, $487, $488, $489, $490, $491, $492, $493, $494), ($495, $496, $497, $498, $499, $500, $501, $502, $503, $504, $505, $506, $507, $508, $509, $510, $511, $512, $513), ($514, $515, $516, $517, $518, $519, $520, $521, $522, $523, $524, $525, $526, $527, $528, $529, $530, $531, $532), ($533, $534, $535, $536, $537, $538, $539, $540, $541, $542, $543, $544, $545, $546, $547, $548, $549, $550, $551)
263	0.343	90.10	8679	awa_bench	INSERT INTO awa.done_entries (ready_slot, ready_generation, job_id, kind, queue, args, state, priority, attempt, run_lease, max_attempts, lane_seq, run_at, attempted_at, finalized_at, created_at, unique_key, unique_states, payload) VALUES ($1, $2, $3, $4, $5, $6, $7, $8, $9, $10, $11, $12, $13, $14, $15, $16, $17, $18, $19), ($20, $21, $22, $23, $24, $25, $26, $27, $28, $29, $30, $31, $32, $33, $34, $35, $36, $37, $38), ($39, $40, $41, $42, $43, $44, $45, $46, $47, $48, $49, $50, $51, $52, $53, $54, $55, $56, $57), ($58, $59, $60, $61, $62, $63, $64, $65, $66, $67, $68, $69, $70, $71, $72, $73, $74, $75, $76), ($77, $78, $79, $80, $81, $82, $83, $84, $85, $86, $87, $88, $89, $90, $91, $92, $93, $94, $95), ($96, $97, $98, $99, $100, $101, $102, $103, $104, $105, $106, $107, $108, $109, $110, $111, $112, $113, $114), ($115, $116, $117, $118, $119, $120, $121, $122, $123, $124, $125, $126, $127, $128, $129, $130, $131, $132, $133), ($134, $135, $136, $137, $138, $139, $140, $141, $142, $143, $144, $145, $146, $147, $148, $149, $150, $151, $152), ($153, $154, $155, $156, $157, $158, $159, $160, $161, $162, $163, $164, $165, $166, $167, $168, $169, $170, $171), ($172, $173, $174, $175, $176, $177, $178, $179, $180, $181, $182, $183, $184, $185, $186, $187, $188, $189, $190), ($191, $192, $193, $194, $195, $196, $197, $198, $199, $200, $201, $202, $203, $204, $205, $206, $207, $208, $209), ($210, $211, $212, $213, $214, $215, $216, $217, $218, $219, $220, $221, $222, $223, $224, $225, $226, $227, $228), ($229, $230, $231, $232, $233, $234, $235, $236, $237, $238, $239, $240, $241, $242, $243, $244, $245, $246, $247), ($248, $249, $250, $251, $252, $253, $254, $255, $256, $257, $258, $259, $260, $261, $262, $263, $264, $265, $266), ($267, $268, $269, $270, $271, $272, $273, $274, $275, $276, $277, $278, $279, $280, $281, $282, $283, $284, $285), ($286, $287, $288, $289, $290, $291, $292, $293, $294, $295, $296, $297, $298, $299, $300, $301, $302, $303, $304), ($305, $306, $307, $308, $309, $310, $311, $312, $313, $314, $315, $316, $317, $318, $319, $320, $321, $322, $323), ($324, $325, $326, $327, $328, $329, $330, $331, $332, $333, $334, $335, $336, $337, $338, $339, $340, $341, $342), ($343, $344, $345, $346, $347, $348, $349, $350, $351, $352, $353, $354, $355, $356, $357, $358, $359, $360, $361), ($362, $363, $364, $365, $366, $367, $368, $369, $370, $371, $372, $373, $374, $375, $376, $377, $378, $379, $380), ($381, $382, $383, $384, $385, $386, $387, $388, $389, $390, $391, $392, $393, $394, $395, $396, $397, $398, $399), ($400, $401, $402, $403, $404, $405, $406, $407, $408, $409, $410, $411, $412, $413, $414, $415, $416, $417, $418), ($419, $420, $421, $422, $423, $424, $425, $426, $427, $428, $429, $430, $431, $432, $433, $434, $435, $436, $437), ($438, $439, $440, $441, $442, $443, $444, $445, $446, $447, $448, $449, $450, $451, $452, $453, $454, $455, $456), ($457, $458, $459, $460, $461, $462, $463, $464, $465, $466, $467, $468, $469, $470, $471, $472, $473, $474, $475), ($476, $477, $478, $479, $480, $481, $482, $483, $484, $485, $486, $487, $488, $489, $490, $491, $492, $493, $494), ($495, $496, $497, $498, $499, $500, $501, $502, $503, $504, $505, $506, $507, $508, $509, $510, $511, $512, $513), ($514, $515, $516, $517, $518, $519, $520, $521, $522, $523, $524, $525, $526, $527, $528, $529, $530, $531, $532), ($533, $534, $535, $536, $537, $538, $539, $540, $541, $542, $543, $544, $545, $546, $547, $548, $549, $550, $551), ($552, $553, $554, $555, $556, $557, $558, $559, $560, $561, $562, $563, $564, $565, $566, $567, $568, $569, $570), ($571, $572, $573, $574, $575, $576, $577, $578, $579, $580, $581, $582, $583, $584, $585, $586, $587, $588, $589), ($590, $591, $592, $593, $594, $595, $596, $597, $598, $599, $600, $601, $602, $603, $604, $605, $606, $607, $608), ($609, $610, $611, $612, $613, $614, $615, $616, $617, $618, $619, $620, $621, $622, $623, $624, $625, $626, $627)
8	10.544	84.35	0	awa_bench	LOCK TABLE awa.ready_entries_6, awa.done_entries_6 IN ACCESS EXCLUSIVE MODE
9	9.055	81.50	0	awa_bench	LOCK TABLE awa.ready_entries_13, awa.done_entries_13 IN ACCESS EXCLUSIVE MODE
639	0.125	79.65	6390	awa_bench	INSERT INTO awa.done_entries (ready_slot, ready_generation, job_id, kind, queue, args, state, priority, attempt, run_lease, max_attempts, lane_seq, run_at, attempted_at, finalized_at, created_at, unique_key, unique_states, payload) VALUES ($1, $2, $3, $4, $5, $6, $7, $8, $9, $10, $11, $12, $13, $14, $15, $16, $17, $18, $19), ($20, $21, $22, $23, $24, $25, $26, $27, $28, $29, $30, $31, $32, $33, $34, $35, $36, $37, $38), ($39, $40, $41, $42, $43, $44, $45, $46, $47, $48, $49, $50, $51, $52, $53, $54, $55, $56, $57), ($58, $59, $60, $61, $62, $63, $64, $65, $66, $67, $68, $69, $70, $71, $72, $73, $74, $75, $76), ($77, $78, $79, $80, $81, $82, $83, $84, $85, $86, $87, $88, $89, $90, $91, $92, $93, $94, $95), ($96, $97, $98, $99, $100, $101, $102, $103, $104, $105, $106, $107, $108, $109, $110, $111, $112, $113, $114), ($115, $116, $117, $118, $119, $120, $121, $122, $123, $124, $125, $126, $127, $128, $129, $130, $131, $132, $133), ($134, $135, $136, $137, $138, $139, $140, $141, $142, $143, $144, $145, $146, $147, $148, $149, $150, $151, $152), ($153, $154, $155, $156, $157, $158, $159, $160, $161, $162, $163, $164, $165, $166, $167, $168, $169, $170, $171), ($172, $173, $174, $175, $176, $177, $178, $179, $180, $181, $182, $183, $184, $185, $186, $187, $188, $189, $190)
7	10.755	75.29	0	awa_bench	LOCK TABLE awa.ready_entries_9, awa.done_entries_9 IN ACCESS EXCLUSIVE MODE
1025	0.072	73.41	4100	awa_bench	INSERT INTO awa.done_entries (ready_slot, ready_generation, job_id, kind, queue, args, state, priority, attempt, run_lease, max_attempts, lane_seq, run_at, attempted_at, finalized_at, created_at, unique_key, unique_states, payload) VALUES ($1, $2, $3, $4, $5, $6, $7, $8, $9, $10, $11, $12, $13, $14, $15, $16, $17, $18, $19), ($20, $21, $22, $23, $24, $25, $26, $27, $28, $29, $30, $31, $32, $33, $34, $35, $36, $37, $38), ($39, $40, $41, $42, $43, $44, $45, $46, $47, $48, $49, $50, $51, $52, $53, $54, $55, $56, $57), ($58, $59, $60, $61, $62, $63, $64, $65, $66, $67, $68, $69, $70, $71, $72, $73, $74, $75, $76)
9	8.001	72.01	0	awa_bench	LOCK TABLE awa.ready_entries_8, awa.done_entries_8 IN ACCESS EXCLUSIVE MODE
7	10.043	70.30	0	awa_bench	LOCK TABLE awa.ready_entries_15, awa.done_entries_15 IN ACCESS EXCLUSIVE MODE
